﻿"CountryCode","SeriesCode","DESCRIPTION",
"AFG","SP.POP.TOTL","Data source: United Nations World Population Prospects",
"AGO","SP.POP.TOTL","Data source: United Nations World Population Prospects",
"ALB","SP.POP.TOTL","Data source: Institute of Statistics, Eurostat",
"ARG","SP.POP.TOTL","Data source: National Institute of Statistics and Censuses, United Nations World Population Prospects",
"ARM","SP.POP.TOTL","Data source: United Nations World Population Prospects",
"AUS","SP.POP.TOTL","Data source: Australian Bureau of Statistics",
"AUT","SP.POP.TOTL","Data source: Eurostat, Statistics Austria",
"AZE","SP.POP.TOTL","Data source: Eurostat, State Statistical Committee, United Nations World Population Prospects",
"BDI","SP.POP.TOTL","Data source: United Nations World Population Prospects",
"BEL","SP.POP.TOTL","Data source: Eurostat",
"BEN","SP.POP.TOTL","Data source: United Nations World Population Prospects",
"BFA","SP.POP.TOTL","Data source: United Nations World Population Prospects",
"BGD","SP.POP.TOTL","Data source: United Nations World Population Prospects",
"BGR","SP.POP.TOTL","Data source: Eurostat",
"BIH","SP.POP.TOTL","Data source: United Nations World Population Prospects",
"BLR","SP.POP.TOTL","Data source: National Statistical Committee of the Republic of Belarus, Eurostat",
"BLZ","SP.POP.TOTL","Data source: United Nations World Population Prospects",
"BOL","SP.POP.TOTL","Data source: United Nations World Population Prospects",
"BRA","SP.POP.TOTL","Data source: United Nations World Population Prospects",
"BTN","SP.POP.TOTL","Data source: United Nations World Population Prospects",
"BWA","SP.POP.TOTL","Data source: United Nations World Population Prospects",
"CAF","SP.POP.TOTL","Data source: United Nations World Population Prospects",
"CAN","SP.POP.TOTL","Data source: Statistics Canada",
"CHE","SP.POP.TOTL","Data source: Eurostat",
"CHL","SP.POP.TOTL","Data source: United Nations World Population Prospects",
"CHN","SP.POP.TOTL","Data source: National Bureau of Statistics",
"CIV","SP.POP.TOTL","Data source: United Nations World Population Prospects",
"CMR","SP.POP.TOTL","Data source: United Nations World Population Prospects",
"COD","SP.POP.TOTL","Data source: United Nations World Population Prospects",
"COG","SP.POP.TOTL","Data source: United Nations World Population Prospects",
"COL","SP.POP.TOTL","Data source: United Nations World Population Prospects 2019 Revision. Note: The UN estimates for Colombia are based on 2005 and earlier censuses and official estimates through 2018. UN estimates are likely to reflect the 2018 census results in the subsequent WPP Revisions once the 2018 census results become available.",
"COM","SP.POP.TOTL","Data source: United Nations World Population Prospects",
"CPV","SP.POP.TOTL","Data source: United Nations World Population Prospects",
"CRI","SP.POP.TOTL","Data source: United Nations World Population Prospects",
"CYP","SP.POP.TOTL","Data source: United Nations World Population Prospects",
"CZE","SP.POP.TOTL","Data source: Eurostat, Czech Statistical Office",
"DEU","SP.POP.TOTL","Data source: Eurostat",
"DJI","SP.POP.TOTL","Data source: United Nations World Population Prospects",
"DNK","SP.POP.TOTL","Data source: Eurostat, Statistics Denmark",
"DOM","SP.POP.TOTL","Data source: United Nations World Population Prospects",
"DZA","SP.POP.TOTL","Data source: United Nations World Population Prospects",
"ECU","SP.POP.TOTL","Data source: United Nations World Population Prospects",
"EGY","SP.POP.TOTL","Data source: United Nations World Population Prospects",
"ERI","SP.POP.TOTL","Data source: United Nations World Population Prospects",
"ESP","SP.POP.TOTL","Data source: Eurostat, Instituto Nacional de Estadística",
"EST","SP.POP.TOTL","Data source: Eurostat",
"ETH","SP.POP.TOTL","Data source: United Nations World Population Prospects",
"FIN","SP.POP.TOTL","Data source: Eurostat, Statistics Finland",
"FJI","SP.POP.TOTL","Data source: United Nations World Population Prospects",
"FRA","SP.POP.TOTL","Data source: Eurostat, United Nations World Population Prospects. Including the French overseas departments of French Guiana, Guadeloupe, Martinique, Mayotte, and Réunion.",
"FSM","SP.POP.TOTL","Data source: United Nations World Population Prospects",
"GAB","SP.POP.TOTL","Data source: United Nations World Population Prospects",
"GBR","SP.POP.TOTL","Data source: Eurostat",
"GEO","SP.POP.TOTL","Data source and note: GeoStats. Includes self-governed areas only, which mostly exclude Abkhazia and South Ossetia, but small areas in Abkhazia and South Ossetia are included before 2008 or 2009 because of the changes in self-governed areas.",
"GHA","SP.POP.TOTL","Data source: United Nations World Population Prospects",
"GIN","SP.POP.TOTL","Data source: United Nations World Population Prospects",
"GMB","SP.POP.TOTL","Data source: United Nations World Population Prospects",
"GNB","SP.POP.TOTL","Data source: United Nations World Population Prospects",
"GNQ","SP.POP.TOTL","Data source: United Nations World Population Prospects",
"GRC","SP.POP.TOTL","Data source: Eurostat",
"GTM","SP.POP.TOTL","Data source: Guatemala Instituto Nacional de Estadistica",
"GUY","SP.POP.TOTL","Data source: United Nations World Population Prospects",
"HND","SP.POP.TOTL","Data source: United Nations World Population Prospects",
"HRV","SP.POP.TOTL","Data source: Croatian Bureau of Statistics, Eurostat",
"HTI","SP.POP.TOTL","Data source: United Nations World Population Prospects",
"HUN","SP.POP.TOTL","Data source: Eurostat, Hungarian Central Statistical Office",
"IDN","SP.POP.TOTL","Data source: United Nations World Population Prospects",
"IND","SP.POP.TOTL","Data source: United Nations World Population Prospects",
"IRL","SP.POP.TOTL","Data source: Eurostat",
"IRN","SP.POP.TOTL","Data source: United Nations World Population Prospects",
"IRQ","SP.POP.TOTL","Data source: United Nations World Population Prospects",
"ISL","SP.POP.TOTL","Data source: Eurostat, Statistics Iceland",
"ISR","SP.POP.TOTL","Data source: Central Bureau of Statistics",
"ITA","SP.POP.TOTL","Data source: Eurostat",
"JAM","SP.POP.TOTL","Data source: United Nations World Population Prospects",
"JOR","SP.POP.TOTL","Data source: United Nations World Population Prospects",
"JPN","SP.POP.TOTL","Data source: Statistics Bureau of Japan",
"KAZ","SP.POP.TOTL","Data source: Statistical Agency of Kazakhstan, United Nations World Population Prospects",
"KEN","SP.POP.TOTL","Data source: United Nations World Population Prospects",
"KGZ","SP.POP.TOTL","Data source: National Statistical Committee",
"KHM","SP.POP.TOTL","Data source: United Nations World Population Prospects",
"KIR","SP.POP.TOTL","Data source: United Nations World Population Prospects",
"KOR","SP.POP.TOTL","Data source: Korean Statistical Information Service",
"LAO","SP.POP.TOTL","Data source: United Nations World Population Prospects",
"LBN","SP.POP.TOTL","Data source: United Nations World Population Prospects",
"LBR","SP.POP.TOTL","Data source: United Nations World Population Prospects",
"LCA","SP.POP.TOTL","Data source: United Nations World Population Prospects",
"LKA","SP.POP.TOTL","Data source: Department of Census and Statistics Sri Lanka, United Nations World Population Prospects",
"LSO","SP.POP.TOTL","Data source: United Nations World Population Prospects",
"LTU","SP.POP.TOTL","Data source: Eurostat, Statistics Lithuania",
"LUX","SP.POP.TOTL","Data source: Eurostat",
"LVA","SP.POP.TOTL","Data source: Eurostat",
"MAR","SP.POP.TOTL","Data source: United Nations World Population Prospects",
"MDA","SP.POP.TOTL","Data source: National Bureau of Statistics. Excluding Transnistria. For 1950-94, World Bank estimates using UN World Population Prospects' growth rates of whole Moldova.",
"MDG","SP.POP.TOTL","Data source: United Nations World Population Prospects",
"MDV","SP.POP.TOTL","Data source: United Nations World Population Prospects",
"MEX","SP.POP.TOTL","Data source: United Nations World Population Prospects",
"MKD","SP.POP.TOTL","Data source: United Nations World Population Prospects",
"MLI","SP.POP.TOTL","Data source: United Nations World Population Prospects",
"MLT","SP.POP.TOTL","Data source: Eurostat",
"MMR","SP.POP.TOTL","Data source: United Nations World Population Prospects",
"MNE","SP.POP.TOTL","Data source: For years after 2000, Statistical Office of Montenegro. For years 1960-1999, growth rates of United Nations World Population Prospects were used to estimate backwards.",
"MNG","SP.POP.TOTL","Data source: United Nations World Population Prospects",
"MOZ","SP.POP.TOTL","Data source: United Nations World Population Prospects",
"MRT","SP.POP.TOTL","Data source: United Nations World Population Prospects",
"MUS","SP.POP.TOTL","Data source: Statistics Mauritius, United Nations World Population Prospects",
"MWI","SP.POP.TOTL","Data source: United Nations World Population Prospects",
"MYS","SP.POP.TOTL","Data source: United Nations World Population Prospects",
"NAM","SP.POP.TOTL","Data source: United Nations World Population Prospects",
"NER","SP.POP.TOTL","Data source: United Nations World Population Prospects",
"NGA","SP.POP.TOTL","Data source: United Nations World Population Prospects",
"NIC","SP.POP.TOTL","Data source: United Nations World Population Prospects",
"NLD","SP.POP.TOTL","Data source: Eurostat, Statistics Netherlands",
"NOR","SP.POP.TOTL","Data source: Eurostat, Statistics Norway",
"NPL","SP.POP.TOTL","Data source: United Nations World Population Prospects",
"PAK","SP.POP.TOTL","Data source: United Nations World Population Prospects",
"PAN","SP.POP.TOTL","Data source: United Nations World Population Prospects",
"PER","SP.POP.TOTL","Data source: United Nations World Population Prospects",
"PHL","SP.POP.TOTL","Data source: United Nations World Population Prospects",
"PLW","SP.POP.TOTL","Data source: United Nations World Population Prospects",
"PNG","SP.POP.TOTL","Data source: United Nations World Population Prospects",
"POL","SP.POP.TOTL","Data source: Eurostat",
"PRT","SP.POP.TOTL","Data source: Eurostat",
"PRY","SP.POP.TOTL","Data source: United Nations World Population Prospects",
"PSE","SP.POP.TOTL","Data source: World Bank estimates based on data from Palestinian Central Bureau of Statistics, excluding E. Jerusalem.",
"ROU","SP.POP.TOTL","Data source: Eurostat",
"RUS","SP.POP.TOTL","Data source: Russian Federation Federal State Statistics Service, 1979 Census, 1989 Census",
"RWA","SP.POP.TOTL","Data source: United Nations World Population Prospects",
"SDN","SP.POP.TOTL","Data source: United Nations World Population Prospects. Estimates are for Sudan excluding South Sudan.",
"SEN","SP.POP.TOTL","Data source: United Nations World Population Prospects",
"SLB","SP.POP.TOTL","Data source: United Nations World Population Prospects",
"SLE","SP.POP.TOTL","Data source: United Nations World Population Prospects",
"SLV","SP.POP.TOTL","Data source: United Nations World Population Prospects",
"SRB","SP.POP.TOTL","Data source: Statistical Office of the Republic of Serbia, Eurostat, TransMONEE, Council of Europe. Note : Excluding Kosovo.",
"SSD","SP.POP.TOTL","Data source: United Nations World Population Prospects",
"STP","SP.POP.TOTL","Data source: United Nations World Population Prospects",
"SUR","SP.POP.TOTL","Data source: United Nations World Population Prospects",
"SVK","SP.POP.TOTL","Data source: Eurostat, Statistical office of the Slovak Republic",
"SVN","SP.POP.TOTL","Data source: Eurostat, Statistical Office of the Republic of Slovenia",
"SWE","SP.POP.TOTL","Data source: Eurostat, Statistics Sweden",
"SWZ","SP.POP.TOTL","Data source: United Nations World Population Prospects",
"SYC","SP.POP.TOTL","Data source: National Bureau of Statistics",
"SYR","SP.POP.TOTL","Data source: United Nations World Population Prospects",
"TCD","SP.POP.TOTL","Data source: United Nations World Population Prospects",
"TGO","SP.POP.TOTL","Data source: United Nations World Population Prospects",
"THA","SP.POP.TOTL","Data source: United Nations World Population Prospects",
"TJK","SP.POP.TOTL","Data source: United Nations World Population Prospects",
"TKM","SP.POP.TOTL","Data source: United Nations World Population Prospects",
"TLS","SP.POP.TOTL","Data source: United Nations World Population Prospects",
"TON","SP.POP.TOTL","Data source: United Nations World Population Prospects",
"TTO","SP.POP.TOTL","Data source: United Nations World Population Prospects",
"TUN","SP.POP.TOTL","Data source: United Nations World Population Prospects",
"TUR","SP.POP.TOTL","Data source: United Nations World Population Prospects",
"TUV","SP.POP.TOTL","Data source: United Nations World Population Prospects",
"TZA","SP.POP.TOTL","Data source: United Nations World Population Prospects",
"UGA","SP.POP.TOTL","Data source: United Nations World Population Prospects",
"UKR","SP.POP.TOTL","Data source: State Statistics Committee of Ukraine, United Nations World Population Prospects, Council of Europe, United Nations Population and Vital Statistics Report",
"URY","SP.POP.TOTL","Data source: United Nations World Population Prospects",
"USA","SP.POP.TOTL","Data source: U.S. Census Bureau",
"UZB","SP.POP.TOTL","Data source: State Committee of the Republic of Uzbekistan on Statistics, United Nations World Population Prospects",
"VEN","SP.POP.TOTL","Data source: United Nations World Population Prospects",
"VNM","SP.POP.TOTL","Data source: United Nations World Population Prospects",
"VUT","SP.POP.TOTL","Data source: United Nations World Population Prospects",
"WSM","SP.POP.TOTL","Data source: United Nations World Population Prospects",
"XKX","SP.POP.TOTL","Data source: Kosovo Agency of Statistics, U.S. Census Bureau",
"YEM","SP.POP.TOTL","Data source: United Nations World Population Prospects",
"ZAF","SP.POP.TOTL","Data source: United Nations World Population Prospects",
"ZMB","SP.POP.TOTL","Data source: United Nations World Population Prospects",
"ZWE","SP.POP.TOTL","Data source: United Nations World Population Prospects",
